CUSTOMERKEY,GEOGRAPHYKEY,CUSTOMERALTERNATEKEY,TITLE,FIRSTNAME,MIDDLENAME,LASTNAME,NAMESTYLE,BIRTHDATE,MARITALSTATUS,SUFFIX,GENDER,EMAILADDRESS,YEARLYINCOME,TOTALCHILDREN,NUMBERCHILDRENATHOME,ENGLISHEDUCATION,SPANISHEDUCATION,FRENCHEDUCATION,ENGLISHOCCUPATION,SPANISHOCCUPATION,FRENCHOCCUPATION,HOUSEOWNERFLAG,NUMBERCARSOWNED,ADDRESSLINE1,ADDRESSLINE2,PHONE,DATEFIRSTPURCHASE,COMMUTEDISTANCE,NUMBEROFPURCHASES
11000,26,AW00011000,,Jon,V,Yang,FALSE,1971-10-06,M,,M,jon24@adventure-works.com,90000,2,0,Bachelors,Licenciatura,Bac + 4,Professional,Profesional,Cadre,1,0,3761 N. 14th St,,1 (11) 500 555-0162,2011-01-19,1-2 Miles,3
11001,37,AW00011001,,Eugene,L,Huang,FALSE,1976-05-10,S,,M,eugene10@adventure-works.com,60000,3,3,Bachelors,Licenciatura,Bac + 4,Professional,Profesional,Cadre,0,1,2243 W St.,,1 (11) 500 555-0110,2011-01-15,0-1 Miles,3
11002,31,AW00011002,,Ruben,,Torres,FALSE,1971-02-09,M,,M,ruben35@adventure-works.com,60000,3,3,Bachelors,Licenciatura,Bac + 4,Professional,Profesional,Cadre,1,1,5844 Linden Land,,1 (11) 500 555-0184,2011-01-07,2-5 Miles,3
11003,11,AW00011003,,Christy,,Zhu,FALSE,1973-08-14,S,,F,christy12@adventure-works.com,70000,0,0,Bachelors,Licenciatura,Bac + 4,Professional,Profesional,Cadre,0,1,1825 Village Pl.,,1 (11) 500 555-0162,2010-12-29,5-10 Miles,3
11004,19,AW00011004,,Elizabeth,,Johnson,FALSE,1979-08-05,S,,F,elizabeth5@adventure-works.com,80000,5,5,Bachelors,Licenciatura,Bac + 4,Professional,Profesional,Cadre,1,4,7553 Harness Circle,,1 (11) 500 555-0131,2011-01-23,1-2 Miles,3
11005,22,AW00011005,,Julio,,Ruiz,FALSE,1976-08-01,S,,M,julio1@adventure-works.com,70000,0,0,Bachelors,Licenciatura,Bac + 4,Professional,Profesional,Cadre,1,1,7305 Humphrey Drive,,1 (11) 500 555-0151,2010-12-30,5-10 Miles,3
11006,8,AW00011006,,Janet,G,Alvarez,FALSE,1976-12-02,S,,F,janet9@adventure-works.com,70000,0,0,Bachelors,Licenciatura,Bac + 4,Professional,Profesional,Cadre,1,1,2612 Berry Dr,,1 (11) 500 555-0184,2011-01-24,5-10 Miles,3
11007,40,AW00011007,,Marco,,Mehta,FALSE,1969-11-06,M,,M,marco14@adventure-works.com,60000,3,3,Bachelors,Licenciatura,Bac + 4,Professional,Profesional,Cadre,1,2,942 Brook Street,,1 (11) 500 555-0126,2011-01-09,0-1 Miles,3
11008,32,AW00011008,,Rob,,Verhoff,FALSE,1975-07-04,S,,F,rob4@adventure-works.com,60000,4,4,Bachelors,Licenciatura,Bac + 4,Professional,Profesional,Cadre,1,3,624 Peabody Road,,1 (11) 500 555-0164,2011-01-25,10+ Miles,3
11009,25,AW00011009,,Shannon,C,Carlson,FALSE,1969-09-29,S,,M,shannon38@adventure-works.com,70000,0,0,Bachelors,Licenciatura,Bac + 4,Professional,Profesional,Cadre,0,1,3839 Northgate Road,,1 (11) 500 555-0110,2011-01-27,5-10 Miles,3
11010,22,AW00011010,,Jacquelyn,C,Suarez,FALSE,1969-08-05,S,,F,jacquelyn20@adventure-works.com,70000,0,0,Bachelors,Licenciatura,Bac + 4,Professional,Profesional,Cadre,0,1,7800 Corrinne Court,,1 (11) 500 555-0169,2011-01-14,5-10 Miles,3
11011,22,AW00011011,,Curtis,,Lu,FALSE,1969-05-03,M,,M,curtis9@adventure-works.com,60000,4,4,Bachelors,Licenciatura,Bac + 4,Professional,Profesional,Cadre,1,4,1224 Shoenic,,1 (11) 500 555-0117,2010-12-30,10+ Miles,3
11012,611,AW00011012,,Lauren,M,Walker,FALSE,1979-01-14,M,,F,lauren41@adventure-works.com,100000,2,0,Bachelors,Licenciatura,Bac + 4,Management,Gestión,Direction,1,2,4785 Scott Street,,717-555-0164,2013-03-16,1-2 Miles,2
11013,543,AW00011013,,Ian,M,Jenkins,FALSE,1979-08-03,M,,M,ian47@adventure-works.com,100000,2,0,Bachelors,Licenciatura,Bac + 4,Management,Gestión,Direction,1,3,7902 Hudson Ave.,,817-555-0185,2013-04-13,0-1 Miles,2
11014,634,AW00011014,,Sydney,,Bennett,FALSE,1973-11-06,S,,F,sydney23@adventure-works.com,100000,3,0,Bachelors,Licenciatura,Bac + 4,Management,Gestión,Direction,0,3,9011 Tank Drive,,431-555-0156,2013-03-23,1-2 Miles,2
11017,39,AW00011017,,Shannon,,Wang,FALSE,1949-12-24,S,,F,shannon1@adventure-works.com,20000,4,0,High School,Educación secundaria,Bac + 2,Skilled Manual,Obrero especializado,Technicien,1,2,7330 Saddlehill Lane,,1 (11) 500 555-0195,2011-01-12,5-10 Miles,3
11018,32,AW00011018,,Clarence,D,Rai,FALSE,1955-10-06,S,,M,clarence32@adventure-works.com,30000,2,0,Partial College,Estudios universitarios (en curso),Baccalauréat,Clerical,Administrativo,Employé,1,2,244 Rivewview,,1 (11) 500 555-0137,2011-01-17,5-10 Miles,3
11019,52,AW00011019,,Luke,L,Lal,FALSE,1983-09-04,S,,M,luke18@adventure-works.com,40000,0,0,High School,Educación secundaria,Bac + 2,Skilled Manual,Obrero especializado,Technicien,0,2,7832 Landing Dr,,262-555-0112,2013-02-12,5-10 Miles,17
11023,298,AW00011023,,Seth,M,Edwards,FALSE,1984-04-09,M,,M,seth46@adventure-works.com,40000,0,0,Partial College,Estudios universitarios (en curso),Baccalauréat,Skilled Manual,Obrero especializado,Technicien,1,1,4499 Valley Crest,,452-555-0188,2013-02-17,1-2 Miles,2
11024,311,AW00011024,,Russell,,Xie,FALSE,1984-03-16,M,,M,russell7@adventure-works.com,60000,0,0,Partial College,Estudios universitarios (en curso),Baccalauréat,Skilled Manual,Obrero especializado,Technicien,1,2,8734 Oxford Place,,746-555-0186,2013-06-27,5-10 Miles,2
11025,24,AW00011025,,Alejandro,,Beck,FALSE,1951-06-22,M,,M,alejandro45@adventure-works.com,10000,2,1,Partial High School,Educación secundaria (en curso),Niveau bac,Clerical,Administrativo,Employé,1,2,2596 Franklin Canyon Road,,1 (11) 500 555-0178,2011-01-06,1-2 Miles,3
11026,4,AW00011026,,Harold,,Sai,FALSE,1951-10-01,S,,M,harold3@adventure-works.com,30000,2,0,Partial College,Estudios universitarios (en curso),Baccalauréat,Clerical,Administrativo,Employé,0,2,8211 Leeds Ct.,,1 (11) 500 555-0131,2011-01-23,1-2 Miles,3
11027,40,AW00011027,,Jessie,R,Zhao,FALSE,1952-06-05,M,,M,jessie16@adventure-works.com,30000,2,0,Partial College,Estudios universitarios (en curso),Baccalauréat,Clerical,Administrativo,Employé,1,2,213 Valencia Place,,1 (11) 500 555-0184,2011-01-16,5-10 Miles,3
11028,17,AW00011028,,Jill,,Jimenez,FALSE,1951-10-09,M,,F,jill13@adventure-works.com,30000,2,0,Partial College,Estudios universitarios (en curso),Baccalauréat,Clerical,Administrativo,Employé,1,2,9111 Rose Ann Ave,,1 (11) 500 555-0116,2011-01-26,1-2 Miles,3
11029,32,AW00011029,,Jimmy,L,Moreno,FALSE,1952-06-19,M,,M,jimmy9@adventure-works.com,30000,2,0,Partial College,Estudios universitarios (en curso),Baccalauréat,Clerical,Administrativo,Employé,1,2,6385 Mark Twain,,1 (11) 500 555-0146,2011-01-19,1-2 Miles,3
11030,28,AW00011030,,Bethany,G,Yuan,FALSE,1958-02-18,M,,F,bethany10@adventure-works.com,10000,2,1,Partial High School,Educación secundaria (en curso),Niveau bac,Clerical,Administrativo,Employé,1,2,636 Vine Hill Way,,1 (11) 500 555-0182,2011-02-05,1-2 Miles,3
11031,8,AW00011031,,Theresa,G,Ramos,FALSE,1953-02-18,M,,F,theresa13@adventure-works.com,20000,4,0,High School,Educación secundaria,Bac + 2,Skilled Manual,Obrero especializado,Technicien,1,2,6465 Detroit Ave.,,1 (11) 500 555-0195,2011-02-01,1-2 Miles,3
11032,35,AW00011032,,Denise,,Stone,FALSE,1952-12-08,M,,F,denise10@adventure-works.com,20000,4,0,High School,Educación secundaria,Bac + 2,Skilled Manual,Obrero especializado,Technicien,1,2,626 Bentley Street,,1 (11) 500 555-0169,2011-02-18,1-2 Miles,3
11033,9,AW00011033,,Jaime,,Nath,FALSE,1958-09-19,M,,M,jaime41@adventure-works.com,20000,4,0,High School,Educación secundaria,Bac + 2,Skilled Manual,Obrero especializado,Technicien,1,2,5927 Rainbow Dr,,1 (11) 500 555-0137,2011-02-15,5-10 Miles,3
11034,12,AW00011034,,Ebony,,Gonzalez,FALSE,1952-12-16,M,,F,ebony19@adventure-works.com,20000,4,0,High School,Educación secundaria,Bac + 2,Skilled Manual,Obrero especializado,Technicien,1,2,5167 Condor Place,,1 (11) 500 555-0136,2011-02-01,5-10 Miles,3
11035,33,AW00011035,,Wendy,,Dominguez,FALSE,1953-08-23,M,,F,wendy12@adventure-works.com,10000,2,1,Partial High School,Educación secundaria (en curso),Niveau bac,Clerical,Administrativo,Employé,1,2,1873 Mt. Whitney Dr,,1 (11) 500 555-0177,2011-02-06,1-2 Miles,3
11038,6,AW00011038,,Diana,F,Hernandez,FALSE,1953-09-20,M,,F,diana2@adventure-works.com,10000,2,1,Partial High School,Educación secundaria (en curso),Niveau bac,Clerical,Administrativo,Employé,1,2,8357 Sandy Cove Lane,,1 (11) 500 555-0114,2011-02-07,5-10 Miles,3
11039,19,AW00011039,,Marc,J,Martin,FALSE,1954-06-16,M,,M,marc3@adventure-works.com,30000,3,0,Partial College,Estudios universitarios (en curso),Baccalauréat,Clerical,Administrativo,Employé,1,2,9353 Creekside Dr.,,1 (11) 500 555-0183,2011-02-07,5-10 Miles,3
11042,338,AW00011042,,Megan,J,Sanchez,FALSE,1982-12-11,M,,F,megan28@adventure-works.com,70000,0,0,Partial College,Estudios universitarios (en curso),Baccalauréat,Skilled Manual,Obrero especializado,Technicien,1,2,1397 Paraiso Ct.,,404-555-0199,2013-01-21,0-1 Miles,2
11043,325,AW00011043,,Nathan,M,Simmons,FALSE,1981-08-23,M,,M,nathan11@adventure-works.com,60000,0,0,Partial College,Estudios universitarios (en curso),Baccalauréat,Skilled Manual,Obrero especializado,Technicien,1,2,1170 Shaw Rd,,296-555-0181,2013-05-08,5-10 Miles,2
11044,25,AW00011044,,Adam,L,Flores,FALSE,1954-11-21,M,,M,adam10@adventure-works.com,20000,2,1,Partial High School,Educación secundaria (en curso),Niveau bac,Clerical,Administrativo,Employé,1,2,6935 Candle Dr,,1 (11) 500 555-0163,2011-02-28,1-2 Miles,3
11045,8,AW00011045,,Leonard,G,Nara,FALSE,1955-11-16,S,,M,leonard18@adventure-works.com,30000,3,0,High School,Educación secundaria,Bac + 2,Skilled Manual,Obrero especializado,Technicien,0,2,7466 La Vista Ave.,,1 (11) 500 555-0151,2013-04-10,1-2 Miles,2
11046,6,AW00011046,,Christine,,Yuan,FALSE,1955-09-19,M,,F,christine4@adventure-works.com,30000,3,0,High School,Educación secundaria,Bac + 2,Skilled Manual,Obrero especializado,Technicien,1,2,2356 Orange St,,1 (11) 500 555-0113,2011-02-06,5-10 Miles,3
11047,34,AW00011047,,Jaclyn,D,Lu,FALSE,1955-08-27,M,,F,jaclyn12@adventure-works.com,30000,3,0,High School,Educación secundaria,Bac + 2,Skilled Manual,Obrero especializado,Technicien,0,2,2812 Mazatlan,,1 (11) 500 555-0137,2011-02-03,1-2 Miles,3
11048,39,AW00011048,,Jeremy,,Powell,FALSE,1956-05-21,M,,M,jeremy26@adventure-works.com,30000,3,0,High School,Educación secundaria,Bac + 2,Skilled Manual,Obrero especializado,Technicien,1,2,1803 Potomac Dr.,,1 (11) 500 555-0183,2011-02-10,5-10 Miles,3
11049,307,AW00011049,,Carol,C,Rai,FALSE,1986-01-15,S,,F,carol8@adventure-works.com,40000,0,0,Partial High School,Educación secundaria (en curso),Niveau bac,Clerical,Administrativo,Employé,1,2,6064 Madrid,,654-555-0180,2013-03-09,5-10 Miles,2
11050,31,AW00011050,,Alan,,Zheng,FALSE,1957-03-06,M,,M,alan23@adventure-works.com,30000,3,0,High School,Educación secundaria,Bac + 2,Skilled Manual,Obrero especializado,Technicien,1,2,2741 Gainborough Dr.,,1 (11) 500 555-0135,2011-02-20,5-10 Miles,3
11051,21,AW00011051,,Daniel,,Johnson,FALSE,1957-01-31,S,,M,daniel18@adventure-works.com,30000,3,0,High School,Educación secundaria,Bac + 2,Skilled Manual,Obrero especializado,Technicien,0,2,8085 Sunnyvale Avenue,,1 (11) 500 555-0155,2013-12-29,1-2 Miles,2
11052,8,AW00011052,,Heidi,,Lopez,FALSE,1957-02-03,S,,F,heidi19@adventure-works.com,40000,2,0,Partial College,Estudios universitarios (en curso),Baccalauréat,Clerical,Administrativo,Employé,0,2,2514 Via Cordona,,1 (11) 500 555-0168,2011-02-17,5-10 Miles,3
11054,34,AW00011054,,Deanna,,Munoz,FALSE,1957-09-07,M,,F,deanna33@adventure-works.com,40000,2,0,Partial College,Estudios universitarios (en curso),Baccalauréat,Skilled Manual,Obrero especializado,Technicien,1,2,5825 B Way,,1 (11) 500 555-0192,2011-02-03,5-10 Miles,3
11055,22,AW00011055,,Gilbert,,Raje,FALSE,1957-09-02,M,,M,gilbert35@adventure-works.com,40000,2,0,Partial College,Estudios universitarios (en curso),Baccalauréat,Skilled Manual,Obrero especializado,Technicien,1,2,8811 The Trees Dr.,,1 (11) 500 555-0129,2011-01-31,5-10 Miles,3
11056,10,AW00011056,,Michele,L,Nath,FALSE,1958-10-01,M,,F,michele19@adventure-works.com,40000,3,0,Partial College,Estudios universitarios (en curso),Baccalauréat,Skilled Manual,Obrero especializado,Technicien,1,2,5464 Janin Pl.,,1 (11) 500 555-0178,2011-02-26,5-10 Miles,3
11057,5,AW00011057,,Carl,J,Andersen,FALSE,1970-04-07,M,,M,carl12@adventure-works.com,70000,2,0,Graduate Degree,Estudios de postgrado,Bac + 3,Management,Gestión,Direction,1,2,6930 Lake Nadine Place,,1 (11) 500 555-0181,2011-02-22,1-2 Miles,3
11058,29,AW00011058,,Marc,,Diaz,FALSE,1965-04-23,M,,M,marc6@adventure-works.com,80000,2,0,Partial College,Estudios universitarios (en curso),Baccalauréat,Skilled Manual,Obrero especializado,Technicien,1,2,6645 Sinaloa,,1 (11) 500 555-0149,2011-03-09,1-2 Miles,3
11059,27,AW00011059,,Ashlee,J,Andersen,FALSE,1959-09-29,S,,F,ashlee19@adventure-works.com,80000,2,0,Partial College,Estudios universitarios (en curso),Baccalauréat,Skilled Manual,Obrero especializado,Technicien,1,2,8255 Highland Road,,1 (11) 500 555-0112,2013-02-18,5-10 Miles,3
11060,40,AW00011060,,Jon,L,Zhou,FALSE,1959-09-14,M,,M,jon28@adventure-works.com,80000,2,0,Partial College,Estudios universitarios (en curso),Baccalauréat,Skilled Manual,Obrero especializado,Technicien,1,2,6574 Hemlock Ave.,,1 (11) 500 555-0174,2011-03-19,5-10 Miles,3
11061,23,AW00011061,,Todd,M,Gao,FALSE,1976-02-20,M,,M,todd14@adventure-works.com,80000,2,0,Partial College,Estudios universitarios (en curso),Baccalauréat,Skilled Manual,Obrero especializado,Technicien,1,2,8808 Geneva Ave,,1 (11) 500 555-0191,2011-03-13,5-10 Miles,3
11065,331,AW00011065,,Jessica,,Henderson,FALSE,1979-04-08,M,,F,jessica29@adventure-works.com,60000,0,0,Partial College,Estudios universitarios (en curso),Baccalauréat,Skilled Manual,Obrero especializado,Technicien,0,2,9343 Ironwood Way,,278-555-0186,2013-02-10,1-2 Miles,2
11066,543,AW00011066,,Grace,T,Butler,FALSE,1979-05-27,M,,F,grace62@adventure-works.com,70000,0,0,Partial College,Estudios universitarios (en curso),Baccalauréat,Professional,Profesional,Cadre,1,2,4739 Garden Ave.,,712-555-0141,2013-05-31,5-10 Miles,2
11067,632,AW00011067,,Caleb,F,Carter,FALSE,1982-03-25,S,,M,caleb40@adventure-works.com,60000,0,0,Partial College,Estudios universitarios (en curso),Baccalauréat,Professional,Profesional,Cadre,1,2,9563 Pennsylvania Blvd.,,944-555-0167,2013-08-18,5-10 Miles,2
11068,40,AW00011068,,Tiffany,,Liang,FALSE,1966-09-19,S,,F,tiffany17@adventure-works.com,80000,2,0,High School,Educación secundaria,Bac + 2,Skilled Manual,Obrero especializado,Technicien,1,2,3608 Sinclair Avenue,# 701,1 (11) 500 555-0177,2013-04-30,5-10 Miles,3
11069,23,AW00011069,,Carolyn,,Navarro,FALSE,1966-09-17,S,,F,carolyn30@adventure-works.com,80000,2,0,High School,Educación secundaria,Bac + 2,Skilled Manual,Obrero especializado,Technicien,0,2,4606 Springwood Court,,1 (11) 500 555-0145,2011-04-17,1-2 Miles,3
11070,39,AW00011070,,Willie,T,Raji,FALSE,1960-10-02,M,,M,willie40@adventure-works.com,80000,2,0,High School,Educación secundaria,Bac + 2,Skilled Manual,Obrero especializado,Technicien,1,2,6260 Vernal Drive,,1 (11) 500 555-0151,2011-04-28,5-10 Miles,3
11071,24,AW00011071,,Linda,,Serrano,FALSE,1960-12-23,S,,F,linda31@adventure-works.com,80000,2,0,High School,Educación secundaria,Bac + 2,Skilled Manual,Obrero especializado,Technicien,1,2,9808 Shaw Rd.,,1 (11) 500 555-0130,2013-03-01,5-10 Miles,3
11072,17,AW00011072,,Casey,,Luo,FALSE,1960-08-05,S,,F,casey6@adventure-works.com,80000,2,0,High School,Educación secundaria,Bac + 2,Skilled Manual,Obrero especializado,Technicien,0,2,9513 Roslyn Drive,,1 (11) 500 555-0125,2011-03-31,1-2 Miles,3
11073,16,AW00011073,,Amy,,Ye,FALSE,1962-02-11,S,,F,amy16@adventure-works.com,70000,2,0,High School,Educación secundaria,Bac + 2,Skilled Manual,Obrero especializado,Technicien,1,2,2262 Kirkwood Ct.,,1 (11) 500 555-0185,2013-03-23,5-10 Miles,3
11074,28,AW00011074,,Levi,A,Arun,FALSE,1962-02-25,S,,M,levi6@adventure-works.com,70000,2,0,High School,Educación secundaria,Bac + 2,Skilled Manual,Obrero especializado,Technicien,1,2,4661 Bluetail,,1 (11) 500 555-0127,2013-03-23,5-10 Miles,3
11075,32,AW00011075,,Felicia,L,Jimenez,FALSE,1963-05-16,S,,F,felicia4@adventure-works.com,80000,2,0,High School,Educación secundaria,Bac + 2,Professional,Profesional,Cadre,1,2,786 Eastgate Ave,,1 (11) 500 555-0165,2011-04-28,5-10 Miles,3
11076,19,AW00011076,,Blake,,Anderson,FALSE,1963-01-10,S,,M,blake9@adventure-works.com,80000,2,0,High School,Educación secundaria,Bac + 2,Professional,Profesional,Cadre,1,2,5436 Clear,# 101,1 (11) 500 555-0113,2011-04-21,5-10 Miles,3
11077,36,AW00011077,,Leah,,Ye,FALSE,1963-03-19,S,,F,leah7@adventure-works.com,80000,2,0,High School,Educación secundaria,Bac + 2,Professional,Profesional,Cadre,0,2,1291 Arguello Blvd.,,1 (11) 500 555-0154,2011-04-15,1-2 Miles,3
11078,49,AW00011078,,Gina,E,Martin,FALSE,1985-01-06,S,,F,gina1@adventure-works.com,40000,0,0,High School,Educación secundaria,Bac + 2,Professional,Profesional,Cadre,0,2,1349 Sol St.,,196-555-0114,2013-02-15,1-2 Miles,17
11079,34,AW00011079,,Donald,,Gonzalez,FALSE,1970-03-07,S,,M,donald20@adventure-works.com,160000,0,0,Graduate Degree,Estudios de postgrado,Bac + 3,Management,Gestión,Direction,1,2,4236 Malibu Place,,1 (11) 500 555-0137,2013-03-15,0-1 Miles,3
11080,30,AW00011080,,Damien,,Chander,FALSE,1965-01-13,M,,M,damien32@adventure-works.com,170000,0,0,Graduate Degree,Estudios de postgrado,Bac + 3,Management,Gestión,Direction,1,2,9941 Stonehedge Dr.,,1 (11) 500 555-0111,2011-04-10,0-1 Miles,3
11081,311,AW00011081,,Savannah,C,Baker,FALSE,1972-01-21,M,,F,savannah39@adventure-works.com,120000,2,2,Bachelors,Licenciatura,Bac + 4,Management,Gestión,Direction,1,3,1210 Trafalgar Circle,,478-555-0117,2013-02-12,2-5 Miles,2
11082,322,AW00011082,,Angela,L,Butler,FALSE,1972-02-01,S,,F,angela17@adventure-works.com,130000,0,1,Graduate Degree,Estudios de postgrado,Bac + 3,Management,Gestión,Direction,0,3,6040 Listing Ct,,579-555-0195,2013-01-22,1-2 Miles,2
11083,336,AW00011083,,Alyssa,F,Cox,FALSE,1977-03-11,M,,F,alyssa37@adventure-works.com,130000,0,1,Graduate Degree,Estudios de postgrado,Bac + 3,Management,Gestión,Direction,1,3,867 La Orinda Place,,561-555-0140,2013-01-06,1-2 Miles,2
11084,543,AW00011084,,Lucas,,Phillips,FALSE,1963-03-12,S,,M,lucas7@adventure-works.com,80000,2,0,Partial High School,Educación secundaria (en curso),Niveau bac,Skilled Manual,Obrero especializado,Technicien,0,2,8668 St. Celestine Court,,863-555-0172,2013-01-04,1-2 Miles,2
11085,345,AW00011085,,Emily,,Johnson,FALSE,1963-01-16,S,,F,emily1@adventure-works.com,60000,2,0,High School,Educación secundaria,Bac + 2,Professional,Profesional,Cadre,0,2,7926 Stephanie Way,,850-555-0184,2013-12-06,5-10 Miles,2
11086,369,AW00011086,,Ryan,,Brown,FALSE,1963-06-22,M,,M,ryan43@adventure-works.com,70000,2,1,Partial College,Estudios universitarios (en curso),Baccalauréat,Professional,Profesional,Cadre,1,0,2939 Wesley Ct.,,539-555-0198,2013-07-02,0-1 Miles,2
11087,307,AW00011087,,Tamara,L,Liang,FALSE,1963-04-02,M,,F,tamara6@adventure-works.com,70000,3,2,Partial College,Estudios universitarios (en curso),Baccalauréat,Professional,Profesional,Cadre,0,0,3791 Rossmor Parkway,,178-555-0152,2013-02-25,0-1 Miles,2
11088,359,AW00011088,,Hunter,,Davis,FALSE,1963-05-25,M,,M,hunter64@adventure-works.com,80000,2,1,Bachelors,Licenciatura,Bac + 4,Management,Gestión,Direction,1,0,4308 Sand Pointe Lane,,612-555-0141,2013-01-13,2-5 Miles,2
11089,337,AW00011089,,Abigail,M,Price,FALSE,1962-08-05,S,,F,abigail25@adventure-works.com,80000,2,1,Bachelors,Licenciatura,Bac + 4,Management,Gestión,Direction,1,1,2685 Blackburn Ct,,532-555-0117,2012-12-29,2-5 Miles,2
11090,338,AW00011090,,Trevor,,Bryant,FALSE,1968-12-13,S,,M,trevor18@adventure-works.com,90000,2,0,Partial College,Estudios universitarios (en curso),Baccalauréat,Professional,Profesional,Cadre,1,1,5781 Sharon Dr.,,853-555-0174,2011-08-07,2-5 Miles,3
11091,50,AW00011091,,Dalton,,Perez,FALSE,1962-10-02,M,,M,dalton37@adventure-works.com,90000,2,0,Partial College,Estudios universitarios (en curso),Baccalauréat,Professional,Profesional,Cadre,1,1,6083 San Jose,,559-555-0115,2013-01-29,5-10 Miles,28
11092,22,AW00011092,,Cheryl,A,Diaz,FALSE,1972-11-02,M,,F,cheryl4@adventure-works.com,90000,2,2,Bachelors,Licenciatura,Bac + 4,Professional,Profesional,Cadre,1,0,7297 Kaywood Drive,,1 (11) 500 555-0192,2011-04-08,1-2 Miles,3
11093,19,AW00011093,,Aimee,A,He,FALSE,1978-09-06,M,,F,aimee13@adventure-works.com,100000,0,0,Graduate Degree,Estudios de postgrado,Bac + 3,Management,Gestión,Direction,1,0,1833 Olympic Drive,,1 (11) 500 555-0161,2011-04-07,0-1 Miles,3
11094,33,AW00011094,,Cedric,W,Ma,FALSE,1967-09-29,S,,M,cedric15@adventure-works.com,70000,1,0,Partial College,Estudios universitarios (en curso),Baccalauréat,Skilled Manual,Obrero especializado,Technicien,0,1,3407 Oak Brook Place,,1 (11) 500 555-0115,2013-04-07,0-1 Miles,3
11095,13,AW00011095,,Chad,,Kumar,FALSE,1968-02-29,S,,M,chad9@adventure-works.com,70000,1,0,Partial College,Estudios universitarios (en curso),Baccalauréat,Skilled Manual,Obrero especializado,Technicien,1,1,1681 Lighthouse Way,,1 (11) 500 555-0151,2011-04-01,5-10 Miles,3
11096,12,AW00011096,,Andrés,,Anand,FALSE,1968-02-07,M,,M,andrés18@adventure-works.com,60000,1,0,Bachelors,Licenciatura,Bac + 4,Professional,Profesional,Cadre,1,1,5423 Los Gatos Ct.,,1 (11) 500 555-0184,2011-04-11,5-10 Miles,3
11097,40,AW00011097,,Edwin,R,Nara,FALSE,1972-10-23,M,,M,edwin39@adventure-works.com,60000,1,0,Partial College,Estudios universitarios (en curso),Baccalauréat,Skilled Manual,Obrero especializado,Technicien,1,1,719 William Way,,1 (11) 500 555-0112,2011-04-04,5-10 Miles,3
11098,14,AW00011098,,Mallory,S,Rubio,FALSE,1966-10-29,S,,F,mallory7@adventure-works.com,60000,1,0,Partial College,Estudios universitarios (en curso),Baccalauréat,Skilled Manual,Obrero especializado,Technicien,0,1,6452 Harris Circle,,1 (11) 500 555-0157,2013-02-11,0-1 Miles,3
11099,13,AW00011099,,Adam,,Ross,FALSE,1966-09-05,M,,M,adam2@adventure-works.com,60000,1,0,Bachelors,Licenciatura,Bac + 4,Professional,Profesional,Cadre,1,1,4378 Westminster Place,,1 (11) 500 555-0186,2011-04-07,0-1 Miles,3
11100,28,AW00011100,,Latasha,L,Navarro,FALSE,1966-03-15,S,,F,latasha10@adventure-works.com,60000,1,0,Partial College,Estudios universitarios (en curso),Baccalauréat,Skilled Manual,Obrero especializado,Technicien,1,1,6954 Ranch Road,,1 (11) 500 555-0123,2011-04-16,5-10 Miles,3
11101,33,AW00011101,,Abby,L,Sai,FALSE,1970-11-05,S,,F,abby4@adventure-works.com,70000,0,0,Bachelors,Licenciatura,Bac + 4,Professional,Profesional,Cadre,0,1,7074 N. Spoonwood Court,,1 (11) 500 555-0174,2011-04-29,0-1 Miles,3
11102,18,AW00011102,,Julia,L,Nelson,FALSE,1970-10-19,S,,F,julia7@adventure-works.com,80000,5,5,Bachelors,Licenciatura,Bac + 4,Professional,Profesional,Cadre,1,4,2196 Coat Ct.,,1 (11) 500 555-0124,2013-07-16,1-2 Miles,3
11103,3,AW00011103,,Cassie,,Chande,FALSE,1981-04-12,S,,F,cassie13@adventure-works.com,70000,0,0,Bachelors,Licenciatura,Bac + 4,Professional,Profesional,Cadre,1,1,9448 San Marino Ct.,,1 (11) 500 555-0166,2011-04-15,5-10 Miles,3
11104,23,AW00011104,,Edgar,A,Sara,FALSE,1975-03-08,M,,M,edgar11@adventure-works.com,70000,0,0,Bachelors,Licenciatura,Bac + 4,Professional,Profesional,Cadre,0,1,6127 Lilly Lane,,1 (11) 500 555-0125,2011-05-04,0-1 Miles,3
11105,8,AW00011105,,Candace,,Fernandez,FALSE,1970-06-27,S,,F,candace15@adventure-works.com,70000,0,0,Bachelors,Licenciatura,Bac + 4,Professional,Profesional,Cadre,0,1,5029 Blue Ridge,,1 (11) 500 555-0162,2011-05-14,5-10 Miles,3
11106,40,AW00011106,,Jessie,,Liu,FALSE,1970-03-11,S,,M,jessie9@adventure-works.com,70000,0,0,Bachelors,Licenciatura,Bac + 4,Professional,Profesional,Cadre,0,1,3063 Blue Jay Drive,,1 (11) 500 555-0163,2011-05-18,5-10 Miles,3
11107,17,AW00011107,,Bianca,,Lin,FALSE,1976-03-04,M,,F,bianca7@adventure-works.com,90000,1,0,Bachelors,Licenciatura,Bac + 4,Professional,Profesional,Cadre,1,1,7530 Eola,,1 (11) 500 555-0121,2011-05-01,5-10 Miles,3
11108,13,AW00011108,,Kari,C,Alvarez,FALSE,1969-01-10,S,,F,kari25@adventure-works.com,70000,0,0,Bachelors,Licenciatura,Bac + 4,Professional,Profesional,Cadre,0,2,9178 Thornhill Place,,1 (11) 500 555-0169,2011-05-03,0-1 Miles,3
11109,38,AW00011109,,Ruben,D,Kapoor,FALSE,1980-04-30,S,,M,ruben1@adventure-works.com,70000,0,0,Bachelors,Licenciatura,Bac + 4,Professional,Profesional,Cadre,0,2,1984 Glendale Circle,,1 (11) 500 555-0132,2011-05-10,0-1 Miles,3
11110,3,AW00011110,,Curtis,,Yang,FALSE,1967-12-04,M,,M,curtis5@adventure-works.com,60000,1,0,Partial College,Estudios universitarios (en curso),Baccalauréat,Skilled Manual,Obrero especializado,Technicien,1,1,4052 Mt. Wilson Way,,1 (11) 500 555-0127,2011-05-01,5-10 Miles,3
11111,34,AW00011111,,Meredith,T,Gutierrez,FALSE,1967-08-23,M,,F,meredith34@adventure-works.com,60000,1,0,Partial College,Estudios universitarios (en curso),Baccalauréat,Skilled Manual,Obrero especializado,Technicien,1,1,7610 Northridge Ct.,,1 (11) 500 555-0179,2011-05-20,0-1 Miles,3
11112,25,AW00011112,,Crystal,C,Wang,FALSE,1968-03-08,M,,F,crystal3@adventure-works.com,60000,1,0,Partial College,Estudios universitarios (en curso),Baccalauréat,Skilled Manual,Obrero especializado,Technicien,1,1,2773 Kirkwood Dr,,1 (11) 500 555-0134,2011-05-25,0-1 Miles,3
11113,30,AW00011113,,Micheal,A,Blanco,FALSE,1973-02-17,M,,M,micheal11@adventure-works.com,70000,5,4,Bachelors,Licenciatura,Bac + 4,Professional,Profesional,Cadre,1,2,596 Marfargoa Drive,,1 (11) 500 555-0131,2013-02-01,5-10 Miles,3
11114,14,AW00011114,,Leslie,C,Moreno,FALSE,1967-11-25,S,,F,leslie7@adventure-works.com,70000,5,4,Partial College,Estudios universitarios (en curso),Baccalauréat,Skilled Manual,Obrero especializado,Technicien,1,2,7941 Cristobal,,1 (11) 500 555-0115,2013-03-18,5-10 Miles,3
11115,17,AW00011115,,Alvin,D,Cai,FALSE,1967-08-12,M,,M,alvin20@adventure-works.com,70000,5,4,Partial College,Estudios universitarios (en curso),Baccalauréat,Skilled Manual,Obrero especializado,Technicien,1,2,7759 Azalea Avenue,,1 (11) 500 555-0191,2013-02-10,0-1 Miles,3
11116,18,AW00011116,,Clinton,E,Carlson,FALSE,1979-04-02,M,,M,clinton14@adventure-works.com,70000,5,4,Partial College,Estudios universitarios (en curso),Baccalauréat,Skilled Manual,Obrero especializado,Technicien,1,2,7943 Cunha Ct.,,1 (11) 500 555-0184,2013-03-15,5-10 Miles,3
11117,8,AW00011117,,April,,Deng,FALSE,1966-08-21,M,,F,april1@adventure-works.com,70000,5,4,Partial College,Estudios universitarios (en curso),Baccalauréat,Skilled Manual,Obrero especializado,Technicien,1,3,485 Ash Lane,,1 (11) 500 555-0182,2011-05-06,10+ Miles,3
11118,6,AW00011118,,Alvin,M,Zeng,FALSE,1962-12-31,S,,M,alvin21@adventure-works.com,80000,1,0,Partial College,Estudios universitarios (en curso),Baccalauréat,Skilled Manual,Obrero especializado,Technicien,0,1,3853 Wildcat Circle,Unit 13c12,1 (11) 500 555-0174,2013-07-10,0-1 Miles,3
11119,13,AW00011119,,Evan,V,James,FALSE,1940-10-07,S,,M,evan8@adventure-works.com,30000,2,0,Partial College,Estudios universitarios (en curso),Baccalauréat,Clerical,Administrativo,Employé,0,2,4157 Sierra Ridge,,1 (11) 500 555-0187,2013-02-03,0-1 Miles,2
11120,18,AW00011120,,Beth,H,Jiménez,FALSE,1942-02-06,S,,F,beth8@adventure-works.com,40000,2,0,Bachelors,Licenciatura,Bac + 4,Management,Gestión,Direction,1,1,7401 Las Palmas,,1 (11) 500 555-0164,2011-05-14,5-10 Miles,3
11121,10,AW00011121,,Orlando,,Suarez,FALSE,1966-05-18,M,,M,orlando19@adventure-works.com,70000,5,4,Partial College,Estudios universitarios (en curso),Baccalauréat,Skilled Manual,Obrero especializado,Technicien,1,3,7743 Hames Dr,,1 (11) 500 555-0198,2013-06-24,10+ Miles,3
11122,12,AW00011122,,Byron,,Vazquez,FALSE,1965-09-30,M,,M,byron9@adventure-works.com,70000,5,4,Partial College,Estudios universitarios (en curso),Baccalauréat,Skilled Manual,Obrero especializado,Technicien,1,3,3187 Hackamore Lane,,1 (11) 500 555-0136,2013-02-21,5-10 Miles,3
11123,39,AW00011123,,Philip,A,Alvarez,FALSE,1965-12-18,M,,M,philip4@adventure-works.com,70000,5,4,Partial College,Estudios universitarios (en curso),Baccalauréat,Skilled Manual,Obrero especializado,Technicien,1,3,2775 Mt. Olivet Pl.,,1 (11) 500 555-0191,2013-04-17,10+ Miles,3
11124,40,AW00011124,,Ross,F,Jordan,FALSE,1968-07-23,S,,M,ross1@adventure-works.com,80000,1,0,Partial College,Estudios universitarios (en curso),Baccalauréat,Skilled Manual,Obrero especializado,Technicien,1,1,6973 Dublin Court,,1 (11) 500 555-0126,2011-05-05,5-10 Miles,3
11125,37,AW00011125,,Dana,J,Navarro,FALSE,1961-10-06,S,,F,dana2@adventure-works.com,70000,1,0,Partial College,Estudios universitarios (en curso),Baccalauréat,Skilled Manual,Obrero especializado,Technicien,1,1,8481 Zartop Street,,1 (11) 500 555-0172,2013-01-31,5-10 Miles,3
11126,11,AW00011126,,Shaun,,Carson,FALSE,1954-10-05,M,,M,shaun16@adventure-works.com,10000,2,1,High School,Educación secundaria,Bac + 2,Skilled Manual,Obrero especializado,Technicien,0,2,57 Wolf Way,,1 (11) 500 555-0155,2011-05-28,0-1 Miles,3
11127,361,AW00011127,,Jan,,Edwards,FALSE,1981-04-19,M,,F,jan11@adventure-works.com,40000,0,0,High School,Educación secundaria,Bac + 2,Skilled Manual,Obrero especializado,Technicien,1,1,9409 The Alameda,,111-555-0118,2013-04-10,5-10 Miles,2
11128,635,AW00011128,,Samantha,,Long,FALSE,1981-06-03,M,,F,samantha35@adventure-works.com,40000,0,0,High School,Educación secundaria,Bac + 2,Skilled Manual,Obrero especializado,Technicien,1,1,1606 Alderwood Lane,,175-555-0139,2013-06-19,5-10 Miles,2
11129,638,AW00011129,,Julia,M,Wright,FALSE,1981-02-01,S,,F,julia17@adventure-works.com,40000,0,0,High School,Educación secundaria,Bac + 2,Skilled Manual,Obrero especializado,Technicien,1,1,7397 Central Blvd.,,456-555-0174,2011-08-06,5-10 Miles,2
11131,50,AW00011131,,Amanda,,Rivera,FALSE,1985-09-09,M,,F,amanda7@adventure-works.com,30000,0,0,High School,Educación secundaria,Bac + 2,Skilled Manual,Obrero especializado,Technicien,0,2,9573 Royal Oak Rd.,,918-555-0126,2013-10-18,0-1 Miles,5
11134,30,AW00011134,,Larry,D,Townsend,FALSE,1957-02-22,S,,M,larry14@adventure-works.com,10000,5,0,High School,Educación secundaria,Bac + 2,Skilled Manual,Obrero especializado,Technicien,1,2,7034 Carson,,1 (11) 500 555-0130,2011-05-03,5-10 Miles,3
11137,641,AW00011137,,Jasmine,A,Taylor,FALSE,1984-01-17,M,,F,jasmine7@adventure-works.com,40000,0,0,High School,Educación secundaria,Bac + 2,Skilled Manual,Obrero especializado,Technicien,1,2,2457 Matterhorn Court,,557-555-0146,2013-07-31,5-10 Miles,2
11138,325,AW00011138,,Lauren,,Davis,FALSE,1984-03-14,M,,F,lauren23@adventure-works.com,40000,0,0,High School,Educación secundaria,Bac + 2,Skilled Manual,Obrero especializado,Technicien,0,2,8105 Pembrook Court,,832-555-0121,2013-09-19,0-1 Miles,2
11139,28,AW00011139,,Tanya,,Moreno,FALSE,1949-11-05,S,,F,tanya2@adventure-works.com,30000,2,0,Partial College,Estudios universitarios (en curso),Baccalauréat,Clerical,Administrativo,Employé,0,2,6155 Wilbur Drive,,1 (11) 500 555-0185,2013-09-14,5-10 Miles,2
11141,314,AW00011141,,Nicole,,Ramirez,FALSE,1982-12-19,M,,F,nicole42@adventure-works.com,40000,0,0,High School,Educación secundaria,Bac + 2,Skilled Manual,Obrero especializado,Technicien,0,2,1101 C Street,,152-555-0162,2013-05-16,0-1 Miles,2
11142,51,AW00011142,,Eduardo,,Patterson,FALSE,1983-02-11,S,,M,eduardo55@adventure-works.com,40000,0,0,High School,Educación secundaria,Bac + 2,Skilled Manual,Obrero especializado,Technicien,0,2,6255 Macalvey Dr.,,190-555-0184,2013-02-13,0-1 Miles,17
11143,334,AW00011143,,Jonathan,M,Henderson,FALSE,1982-08-04,M,,M,jonathan4@adventure-works.com,40000,0,0,High School,Educación secundaria,Bac + 2,Skilled Manual,Obrero especializado,Technicien,1,2,165 East Lane Road,,149-555-0113,2013-06-15,5-10 Miles,2
11146,8,AW00011146,,Karla,L,Goel,FALSE,1945-02-22,S,,F,karla20@adventure-works.com,40000,2,0,Bachelors,Licenciatura,Bac + 4,Management,Gestión,Direction,1,2,3272 Corrie Lane,,1 (11) 500 555-0137,2013-02-05,5-10 Miles,3
11147,40,AW00011147,,Ernest,L,Wu,FALSE,1944-08-04,M,,M,ernest6@adventure-works.com,60000,2,0,Graduate Degree,Estudios de postgrado,Bac + 3,Management,Gestión,Direction,1,1,1832 RiverRock Dr,,1 (11) 500 555-0139,2011-05-13,0-1 Miles,3
11148,22,AW00011148,,Ross,,Vazquez,FALSE,1947-02-13,M,,M,ross32@adventure-works.com,40000,2,0,Bachelors,Licenciatura,Bac + 4,Management,Gestión,Direction,1,2,1201 Paso Del Rio Way,,1 (11) 500 555-0163,2013-03-07,5-10 Miles,3
11149,25,AW00011149,,Theodore,,Gill,FALSE,1946-10-18,M,,M,theodore14@adventure-works.com,40000,2,0,Bachelors,Licenciatura,Bac + 4,Management,Gestión,Direction,1,2,9120 Pinewood Court,,1 (11) 500 555-0194,2013-06-04,0-1 Miles,3
11150,39,AW00011150,,Russell,M,Shen,FALSE,1946-09-12,S,,M,russell6@adventure-works.com,40000,2,0,Bachelors,Licenciatura,Bac + 4,Management,Gestión,Direction,1,2,4755 Easley Drive,,1 (11) 500 555-0191,2013-03-27,5-10 Miles,3
11151,18,AW00011151,,Melinda,G,Gill,FALSE,1947-08-25,S,,F,melinda9@adventure-works.com,60000,2,0,Graduate Degree,Estudios de postgrado,Bac + 3,Management,Gestión,Direction,0,1,805 Rainier Dr.,,1 (11) 500 555-0117,2011-05-15,0-1 Miles,3
11153,635,AW00011153,,Angela,R,James,FALSE,1981-12-21,M,,F,angela34@adventure-works.com,40000,0,0,High School,Educación secundaria,Bac + 2,Skilled Manual,Obrero especializado,Technicien,1,2,8877 Weatherly Drive,,847-555-0111,2013-03-29,5-10 Miles,2
11157,642,AW00011157,,Hannah,E,Long,FALSE,1980-12-08,M,,F,hannah32@adventure-works.com,40000,0,0,High School,Educación secundaria,Bac + 2,Skilled Manual,Obrero especializado,Technicien,1,2,1832 Preston Ct.,,974-555-0177,2013-07-24,5-10 Miles,2
11159,385,AW00011159,,Brianna,A,Hughes,FALSE,1981-03-16,S,,F,brianna57@adventure-works.com,40000,0,0,High School,Educación secundaria,Bac + 2,Skilled Manual,Obrero especializado,Technicien,0,2,6793 Bonifacio St.,,319-555-0183,2013-09-08,1-2 Miles,2
11161,311,AW00011161,,Emily,,Wood,FALSE,1979-10-20,S,,F,emily27@adventure-works.com,40000,0,0,Partial College,Estudios universitarios (en curso),Baccalauréat,Skilled Manual,Obrero especializado,Technicien,0,1,1562 Black Walnut,,184-555-0114,2013-06-01,1-2 Miles,2
11163,372,AW00011163,,Gabriel,,Wang,FALSE,1980-06-18,M,,M,gabriel21@adventure-works.com,40000,0,0,Partial College,Estudios universitarios (en curso),Baccalauréat,Skilled Manual,Obrero especializado,Technicien,1,1,8002 Crane Court,,617-555-0150,2013-05-01,5-10 Miles,2
11164,374,AW00011164,,Devin,,Brooks,FALSE,1979-11-02,S,,M,devin63@adventure-works.com,40000,0,0,Partial College,Estudios universitarios (en curso),Baccalauréat,Skilled Manual,Obrero especializado,Technicien,0,1,4231 Highland Dr.,,502-555-0138,2013-04-27,1-2 Miles,2
11165,348,AW00011165,,Jocelyn,,Alexander,FALSE,1979-01-15,M,,F,jocelyn18@adventure-works.com,60000,0,0,Partial College,Estudios universitarios (en curso),Baccalauréat,Skilled Manual,Obrero especializado,Technicien,0,1,3376 Bank Way,,354-555-0134,2013-05-25,1-2 Miles,2
11166,631,AW00011166,,Ashley,,Martinez,FALSE,1977-10-22,S,,F,ashley18@adventure-works.com,70000,0,0,Partial College,Estudios universitarios (en curso),Baccalauréat,Skilled Manual,Obrero especializado,Technicien,0,2,6993 Whyte Park Ave.,,131-555-0194,2013-10-14,0-1 Miles,2
11167,618,AW00011167,,Jasmine,J,Barnes,FALSE,1978-01-29,S,,F,jasmine43@adventure-works.com,80000,0,0,Bachelors,Licenciatura,Bac + 4,Management,Gestión,Direction,0,1,9183 Via Del Sol,,178-555-0156,2013-01-07,0-1 Miles,2
11168,348,AW00011168,,David,,Rodriguez,FALSE,1973-11-12,S,,M,david83@adventure-works.com,80000,0,0,Bachelors,Licenciatura,Bac + 4,Management,Gestión,Direction,0,1,38 Shangri-la Rd.,,730-555-0128,2013-01-15,0-1 Miles,2
11169,312,AW00011169,,Bryce,,Richardson,FALSE,1973-12-20,M,,M,bryce8@adventure-works.com,90000,4,4,Bachelors,Licenciatura,Bac + 4,Management,Gestión,Direction,1,1,1841 Blackwood Drive,,178-555-0176,2013-05-26,0-1 Miles,2
11170,612,AW00011170,,Carol,T,Howard,FALSE,1973-08-04,M,,F,carol5@adventure-works.com,90000,4,4,Bachelors,Licenciatura,Bac + 4,Management,Gestión,Direction,1,1,6281 Edward Ave,,845-555-0127,2013-08-26,0-1 Miles,2
11171,385,AW00011171,,Jonathan,E,Hill,FALSE,1978-10-05,S,,M,jonathan43@adventure-works.com,100000,1,0,Bachelors,Licenciatura,Bac + 4,Management,Gestión,Direction,1,2,3731 Chinquapin Ct,,134-555-0196,2011-08-20,1-2 Miles,3
11172,626,AW00011172,,Gabrielle,J,Adams,FALSE,1973-05-20,M,,F,gabrielle58@adventure-works.com,100000,1,0,Bachelors,Licenciatura,Bac + 4,Management,Gestión,Direction,1,2,5621 Arcadia Pl.,,403-555-0152,2013-05-03,1-2 Miles,2
11173,552,AW00011173,,Sarah,F,Thomas,FALSE,1973-02-28,S,,F,sarah13@adventure-works.com,110000,0,0,Graduate Degree,Estudios de postgrado,Bac + 3,Management,Gestión,Direction,0,4,5636 Mt. Whitney Dr.,,868-555-0188,2013-03-02,0-1 Miles,2
11174,338,AW00011174,,Nicholas,,Robinson,FALSE,1973-01-09,M,,M,nicholas19@adventure-works.com,110000,0,1,Graduate Degree,Estudios de postgrado,Bac + 3,Management,Gestión,Direction,1,0,1318 Lasalle Street,,949-555-0138,2013-07-13,2-5 Miles,2
11175,300,AW00011175,,Luis,,Wang,FALSE,1968-09-01,S,,M,luis24@adventure-works.com,70000,0,0,Partial College,Estudios universitarios (en curso),Baccalauréat,Skilled Manual,Obrero especializado,Technicien,1,2,6943 Patterson Blvd.,,418-555-0127,2011-08-28,5-10 Miles,3
11176,50,AW00011176,,Mason,D,Roberts,FALSE,1979-01-21,M,,M,mason25@adventure-works.com,90000,4,4,Bachelors,Licenciatura,Bac + 4,Management,Gestión,Direction,1,1,5753 Megan Dr.,,539-555-0162,2013-02-02,1-2 Miles,28
11177,359,AW00011177,,Jose,M,Flores,FALSE,1948-01-01,M,,M,jose6@adventure-works.com,110000,2,4,Graduate Degree,Estudios de postgrado,Bac + 3,Management,Gestión,Direction,1,2,3991 Rambling Rose Drive,,157-555-0182,2013-03-29,5-10 Miles,2
11178,334,AW00011178,,Nathan,J,Johnson,FALSE,1954-08-20,M,,M,nathan55@adventure-works.com,100000,2,3,Graduate Degree,Estudios de postgrado,Bac + 3,Management,Gestión,Direction,1,3,8927 Daylight Place,,117-555-0182,2013-02-21,1-2 Miles,2
11179,300,AW00011179,,Molly,E,Rodriguez,FALSE,1959-12-08,M,,F,molly18@adventure-works.com,120000,2,4,Graduate Degree,Estudios de postgrado,Bac + 3,Management,Gestión,Direction,1,3,5556 Riverland Dr.,,135-555-0185,2013-03-12,5-10 Miles,2
11180,307,AW00011180,,April,,Anand,FALSE,1948-07-01,M,,F,april18@adventure-works.com,160000,1,3,Bachelors,Licenciatura,Bac + 4,Management,Gestión,Direction,1,4,3531 Brookview Drive,,702-555-0144,2013-03-17,0-1 Miles,2
11181,338,AW00011181,,Devin,P,Martin,FALSE,1960-02-01,M,,M,devin13@adventure-works.com,170000,2,3,Graduate Degree,Estudios de postgrado,Bac + 3,Management,Gestión,Direction,1,2,1085 Greenbelt Way,Unit B-105,735-555-0197,2013-05-07,0-1 Miles,2
11182,638,AW00011182,,Stephanie,,Torres,FALSE,1950-02-22,S,,F,stephanie19@adventure-works.com,70000,4,0,Bachelors,Licenciatura,Bac + 4,Management,Gestión,Direction,1,2,6968 Mildred Ln.,,567-555-0176,2013-08-28,10+ Miles,2
11183,368,AW00011183,,Jasmine,W,Lee,FALSE,1950-01-12,S,,F,jasmine19@adventure-works.com,70000,4,0,Bachelors,Licenciatura,Bac + 4,Management,Gestión,Direction,1,2,7502 Contuti Avenue,,147-555-0199,2013-04-30,10+ Miles,2
11184,311,AW00011184,,Meghan,,Hernandez,FALSE,1955-11-13,S,,F,meghan3@adventure-works.com,70000,4,0,Bachelors,Licenciatura,Bac + 4,Management,Gestión,Direction,1,2,5872 L St.,,967-555-0188,2013-08-10,10+ Miles,2
11185,53,AW00011185,,Ashley,,Henderson,FALSE,1950-04-07,S,,F,ashley31@adventure-works.com,70000,4,0,Bachelors,Licenciatura,Bac + 4,Management,Gestión,Direction,1,2,8834 San Jose Ave.,,173-555-0121,2013-02-21,10+ Miles,27
11186,352,AW00011186,,Sarah,C,Price,FALSE,1949-11-18,S,,F,sarah25@adventure-works.com,70000,4,0,Bachelors,Licenciatura,Bac + 4,Management,Gestión,Direction,1,2,4815 Paraiso Ct.,,180-555-0133,2013-10-18,10+ Miles,2
11187,612,AW00011187,,Jennifer,S,Cooper,FALSE,1949-08-21,M,,F,jennifer63@adventure-works.com,60000,4,0,Graduate Degree,Estudios de postgrado,Bac + 3,Management,Gestión,Direction,1,2,2429 Longview Road,,857-555-0111,2013-04-03,10+ Miles,2
11188,361,AW00011188,,Catherine,,Morris,FALSE,1950-03-06,M,,F,catherine16@adventure-works.com,60000,4,0,Graduate Degree,Estudios de postgrado,Bac + 3,Management,Gestión,Direction,0,2,6542 Stonewood Drive,,795-555-0117,2013-11-01,1-2 Miles,2
11189,609,AW00011189,,Lawrence,W,Blanco,FALSE,1950-01-12,S,,M,lawrence14@adventure-works.com,60000,4,0,Graduate Degree,Estudios de postgrado,Bac + 3,Management,Gestión,Direction,1,2,7502 Contuti Avenue,,656-555-0171,2011-08-26,10+ Miles,2
11190,300,AW00011190,,Carson,,Bryant,FALSE,1949-12-20,M,,M,carson17@adventure-works.com,70000,5,0,Bachelors,Licenciatura,Bac + 4,Management,Gestión,Direction,1,2,2995 Youngsdale Dr.,,240-555-0142,2013-08-28,10+ Miles,2
11191,310,AW00011191,,Kristi,E,Perez,FALSE,1951-06-17,S,,F,kristi39@adventure-works.com,70000,5,0,Bachelors,Licenciatura,Bac + 4,Management,Gestión,Direction,1,3,1769 Lislin Ct,,123-555-0181,2011-08-11,10+ Miles,3
11192,637,AW00011192,,James,C,Brown,FALSE,1951-03-13,M,,M,james79@adventure-works.com,60000,4,0,Bachelors,Licenciatura,Bac + 4,Management,Gestión,Direction,1,2,673 Old Mountain View Dr.,,725-555-0117,2013-06-23,2-5 Miles,2
11193,553,AW00011193,,Ian,A,Gray,FALSE,1950-08-13,M,,M,ian72@adventure-works.com,60000,4,0,Bachelors,Licenciatura,Bac + 4,Management,Gestión,Direction,1,2,5941 Gill Dr.,,596-555-0190,2013-02-25,2-5 Miles,2
11194,352,AW00011194,,Jacqueline,R,Price,FALSE,1950-12-08,M,,F,jacqueline0@adventure-works.com,60000,4,0,Bachelors,Licenciatura,Bac + 4,Management,Gestión,Direction,1,2,872 Mark Twain Dr,,266-555-0112,2013-03-13,2-5 Miles,2
11195,635,AW00011195,,Megan,,Henderson,FALSE,1951-08-10,M,,F,megan55@adventure-works.com,60000,5,0,Bachelors,Licenciatura,Bac + 4,Management,Gestión,Direction,1,3,8411 Mt. Olivet Place,,560-555-0150,2013-04-14,10+ Miles,2
11196,536,AW00011196,,Alfredo,,Romero,FALSE,1951-12-05,M,,M,alfredo10@adventure-works.com,60000,5,0,Bachelors,Licenciatura,Bac + 4,Management,Gestión,Direction,1,3,2499 Greendell Pl,,342-555-0110,2013-03-03,10+ Miles,2
11197,637,AW00011197,,Andrea,,Morris,FALSE,1951-12-16,M,,F,andrea18@adventure-works.com,70000,3,1,Bachelors,Licenciatura,Bac + 4,Management,Gestión,Direction,0,1,1883 Green View Court,,715-555-0178,2013-05-02,1-2 Miles,2
11198,368,AW00011198,,Brooke,,Sanders,FALSE,1952-05-25,S,,F,brooke3@adventure-works.com,70000,4,1,Bachelors,Licenciatura,Bac + 4,Management,Gestión,Direction,1,1,5192 Dumbarton Drive,,215-555-0156,2013-02-05,10+ Miles,2
11199,302,AW00011199,,Jacqueline,,Bennett,FALSE,1957-11-02,M,,F,jacqueline1@adventure-works.com,70000,4,1,Bachelors,Licenciatura,Bac + 4,Management,Gestión,Direction,1,1,8948 Chinquapin Court,,413-555-0174,2013-03-18,10+ Miles,2
11200,69,AW00011200,,Jason,L,Griffin,FALSE,1953-05-21,M,,M,jason18@adventure-works.com,70000,4,1,Bachelors,Licenciatura,Bac + 4,Management,Gestión,Direction,1,1,7239 Nicholas Drive,,232-555-0160,2013-02-07,1-2 Miles,27
11201,369,AW00011201,,Amanda,,Foster,FALSE,1953-02-14,M,,F,amanda37@adventure-works.com,70000,4,1,Bachelors,Licenciatura,Bac + 4,Management,Gestión,Direction,1,1,3984 San Francisco,,505-555-0159,2013-07-01,10+ Miles,2
11202,334,AW00011202,,Alexia,L,Price,FALSE,1958-08-22,M,,F,alexia0@adventure-works.com,80000,5,0,Bachelors,Licenciatura,Bac + 4,Management,Gestión,Direction,0,2,2079 Wellington Ct,,552-555-0118,2013-09-15,1-2 Miles,2
11203,60,AW00011203,,Luis,D,Diaz,FALSE,1959-08-18,M,,M,luis21@adventure-works.com,40000,2,1,High School,Educación secundaria,Bac + 2,Professional,Profesional,Cadre,1,2,3682 Diablo View Road,,171-555-0126,2013-02-20,10+ Miles,17
11204,536,AW00011204,,Destiny,C,Rivera,FALSE,1953-11-29,M,,F,destiny33@adventure-works.com,40000,2,1,High School,Educación secundaria,Bac + 2,Professional,Profesional,Cadre,1,2,6965 Appalachian Drive,,743-555-0111,2013-08-09,2-5 Miles,2
11205,612,AW00011205,,Abby,,Fernandez,FALSE,1954-01-21,M,,F,abby13@adventure-works.com,40000,2,1,High School,Educación secundaria,Bac + 2,Professional,Profesional,Cadre,1,2,8330 Glenside Court,,134-555-0119,2013-07-27,10+ Miles,2
11206,626,AW00011206,,Blake,,Flores,FALSE,1954-03-24,M,,M,blake60@adventure-works.com,60000,2,1,Partial College,Estudios universitarios (en curso),Baccalauréat,Professional,Profesional,Cadre,1,1,9410 Ferry St.,,975-555-0163,2013-05-11,10+ Miles,2
11207,635,AW00011207,,Danielle,,Cox,FALSE,1954-01-16,S,,F,danielle12@adventure-works.com,60000,2,1,Partial College,Estudios universitarios (en curso),Baccalauréat,Professional,Profesional,Cadre,1,1,2346 Wren Ave,,396-555-0158,2013-01-31,10+ Miles,2
11208,325,AW00011208,,Maria,,Reed,FALSE,1953-08-03,M,,F,maria4@adventure-works.com,60000,2,1,Bachelors,Licenciatura,Bac + 4,Management,Gestión,Direction,1,0,1413 Bridgeview St,,156-555-0163,2013-03-04,10+ Miles,2
11209,336,AW00011209,,Allison,,Evans,FALSE,1953-07-12,M,,F,allison21@adventure-works.com,60000,2,1,Bachelors,Licenciatura,Bac + 4,Management,Gestión,Direction,1,0,3515 Sutton Circle,,988-555-0151,2013-03-25,10+ Miles,2
11210,383,AW00011210,,Edward,J,Wood,FALSE,1953-12-06,M,,M,edward50@adventure-works.com,70000,4,1,Partial College,Estudios universitarios (en curso),Baccalauréat,Professional,Profesional,Cadre,1,2,1039 Adelaide St.,,229-555-0114,2013-05-06,10+ Miles,2
11211,50,AW00011211,,Samantha,,Russell,FALSE,1960-10-08,M,,F,samantha42@adventure-works.com,40000,2,1,High School,Educación secundaria,Bac + 2,Professional,Profesional,Cadre,1,2,9256 Village Oaks Dr.,,547-555-0121,2013-02-01,2-5 Miles,17
11212,53,AW00011212,,Chloe,,Campbell,FALSE,1955-05-05,M,,F,chloe4@adventure-works.com,40000,2,1,High School,Educación secundaria,Bac + 2,Professional,Profesional,Cadre,1,2,3562 East Ave.,# 4,205-555-0169,2013-01-30,2-5 Miles,17
11213,614,AW00011213,,Stephanie,B,Murphy,FALSE,1954-11-11,S,,F,stephanie11@adventure-works.com,60000,2,1,Partial College,Estudios universitarios (en curso),Baccalauréat,Professional,Profesional,Cadre,1,2,5514 Grant Street,,293-555-0151,2013-03-28,10+ Miles,2
11214,545,AW00011214,,Charles,O,Miller,FALSE,1955-05-07,S,,M,charles9@adventure-works.com,60000,2,1,Partial College,Estudios universitarios (en curso),Baccalauréat,Professional,Profesional,Cadre,1,2,2719 Little Dr,,389-555-0115,2013-08-14,10+ Miles,2
11215,62,AW00011215,,Ana,,Perry,FALSE,1961-06-17,M,,F,ana7@adventure-works.com,40000,2,1,Partial High School,Educación secundaria (en curso),Niveau bac,Skilled Manual,Obrero especializado,Technicien,1,2,3114 Arlington Way,,446-555-0134,2013-02-15,10+ Miles,17
11216,547,AW00011216,,Jasmine,A,Torres,FALSE,1955-11-17,S,,F,jasmine32@adventure-works.com,60000,2,1,Partial College,Estudios universitarios (en curso),Baccalauréat,Professional,Profesional,Cadre,1,2,8328 San Francisco,,939-555-0130,2011-08-15,10+ Miles,2
11217,547,AW00011217,,Natalie,P,Adams,FALSE,1955-08-11,S,,F,natalie58@adventure-works.com,60000,2,1,Partial College,Estudios universitarios (en curso),Baccalauréat,Professional,Profesional,Cadre,1,2,6592 Bent Tree Lane,,300-555-0150,2011-08-10,10+ Miles,2
11218,642,AW00011218,,Olivia,,Brown,FALSE,1961-09-07,S,,F,olivia4@adventure-works.com,60000,2,1,Partial College,Estudios universitarios (en curso),Baccalauréat,Professional,Profesional,Cadre,0,2,3964 Stony Hill Circle,,414-555-0147,2013-02-28,2-5 Miles,2
11219,553,AW00011219,,Charles,,Cook,FALSE,1956-05-31,M,,M,charles69@adventure-works.com,60000,2,1,High School,Educación secundaria,Bac + 2,Professional,Profesional,Cadre,1,2,6871 Bel Air Dr.,,755-555-0111,2013-10-29,10+ Miles,2
11220,310,AW00011220,,Erica,C,Huang,FALSE,1961-02-19,M,,F,erica5@adventure-works.com,60000,2,1,Partial College,Estudios universitarios (en curso),Baccalauréat,Professional,Profesional,Cadre,1,1,9142 All Ways Drive,,618-555-0157,2013-03-14,10+ Miles,2
11221,334,AW00011221,,Nathan,,Perry,FALSE,1955-12-08,M,,M,nathan3@adventure-works.com,70000,4,2,Partial College,Estudios universitarios (en curso),Baccalauréat,Professional,Profesional,Cadre,1,1,9714 Nicholas Drive,,271-555-0191,2013-04-07,1-2 Miles,2
11222,369,AW00011222,,Alexandra,,Rivera,FALSE,1956-02-14,M,,F,alexandra11@adventure-works.com,80000,3,1,Bachelors,Licenciatura,Bac + 4,Management,Gestión,Direction,1,1,4999 Corte Segunda,,488-555-0143,2013-11-01,1-2 Miles,2
11223,52,AW00011223,,Hailey,I,Patterson,FALSE,1957-03-15,S,,F,hailey30@adventure-works.com,70000,2,1,High School,Educación secundaria,Bac + 2,Professional,Profesional,Cadre,1,2,5045 Vancouver Way,# 133,480-555-0126,2013-01-29,2-5 Miles,27
11224,612,AW00011224,,Tiffany,J,Li,FALSE,1957-03-05,S,,F,tiffany3@adventure-works.com,70000,2,1,High School,Educación secundaria,Bac + 2,Professional,Profesional,Cadre,1,2,6404 Del Mar Ave,,197-555-0118,2011-08-07,10+ Miles,3
11225,635,AW00011225,,Madison,D,Lee,FALSE,1962-02-12,M,,F,madison22@adventure-works.com,60000,2,1,Partial College,Estudios universitarios (en curso),Baccalauréat,Professional,Profesional,Cadre,1,1,5927 Seaview Avenue,,471-555-0142,2013-06-22,10+ Miles,2
11226,552,AW00011226,,Sydney,T,Ross,FALSE,1962-09-23,M,,F,sydney26@adventure-works.com,60000,2,1,Partial College,Estudios universitarios (en curso),Baccalauréat,Professional,Profesional,Cadre,1,1,5252 Santa Fe,,219-555-0146,2013-02-21,2-5 Miles,2
11227,310,AW00011227,,Marshall,D,Chavez,FALSE,1962-08-08,S,,M,marshall35@adventure-works.com,60000,2,1,Partial College,Estudios universitarios (en curso),Baccalauréat,Professional,Profesional,Cadre,1,2,9022 Estudillo Street,,712-555-0116,2011-08-03,10+ Miles,2
11228,316,AW00011228,,Ashley,R,Jones,FALSE,1956-10-16,M,,F,ashley3@adventure-works.com,60000,2,1,Partial College,Estudios universitarios (en curso),Baccalauréat,Professional,Profesional,Cadre,1,2,7681 Willow Pass Road,,996-555-0169,2013-10-25,10+ Miles,2
11229,355,AW00011229,,Adrian,C,Stewart,FALSE,1957-06-01,S,,M,adrian21@adventure-works.com,70000,4,2,Partial College,Estudios universitarios (en curso),Baccalauréat,Professional,Profesional,Cadre,1,1,6898 Shaw Rd.,,812-555-0122,2013-07-27,10+ Miles,2
11230,369,AW00011230,,Amber,,Turner,FALSE,1956-09-30,M,,F,amber4@adventure-works.com,70000,4,2,Partial College,Estudios universitarios (en curso),Baccalauréat,Professional,Profesional,Cadre,0,2,6345 Ridge Circle,,155-555-0131,2013-07-16,2-5 Miles,2
11231,611,AW00011231,,Dennis,,Zhang,FALSE,1963-11-11,M,,M,dennis1@adventure-works.com,60000,2,1,High School,Educación secundaria,Bac + 2,Professional,Profesional,Cadre,1,2,3951 Calle Verde Drive,,710-555-0134,2013-02-10,10+ Miles,2
11232,616,AW00011232,,Hailey,R,Bryant,FALSE,1958-03-27,M,,F,hailey38@adventure-works.com,60000,3,1,High School,Educación secundaria,Bac + 2,Professional,Profesional,Cadre,0,2,2828 Rogers Ave.,,156-555-0195,2013-09-20,2-5 Miles,2
11233,299,AW00011233,,Todd,,Li,FALSE,1963-09-06,M,,M,todd5@adventure-works.com,70000,4,2,Partial College,Estudios universitarios (en curso),Baccalauréat,Professional,Profesional,Cadre,1,2,5897 Scottsdale Rd.,,680-555-0147,2013-02-08,10+ Miles,2
11234,337,AW00011234,,Anna,,Griffin,FALSE,1958-05-19,S,,F,anna46@adventure-works.com,70000,4,2,Partial College,Estudios universitarios (en curso),Baccalauréat,Professional,Profesional,Cadre,1,2,7221 Peachwillow Street,,965-555-0146,2013-02-08,10+ Miles,2
11235,607,AW00011235,,Angel,J,Stewart,FALSE,1957-08-07,M,,M,angel24@adventure-works.com,70000,4,2,Partial College,Estudios universitarios (en curso),Baccalauréat,Professional,Profesional,Cadre,1,2,2585 La Salle Ct.,,540-555-0122,2013-07-04,10+ Miles,2
11236,609,AW00011236,,Jeremy,,Butler,FALSE,1957-09-02,S,,M,jeremy29@adventure-works.com,70000,5,2,Partial College,Estudios universitarios (en curso),Baccalauréat,Professional,Profesional,Cadre,1,2,8811 The Trees Dr.,,980-555-0117,2013-10-03,10+ Miles,2
11237,161,AW00011237,,Clarence,M,Anand,FALSE,1964-03-22,S,,M,clarence36@adventure-works.com,130000,2,3,Bachelors,Licenciatura,Bac + 4,Management,Gestión,Direction,0,4,Welt Platz 6,,1 (11) 500 555-0191,2011-09-05,0-1 Miles,4
11238,232,AW00011238,,Mayra,,Prasad,FALSE,1964-02-07,S,,F,mayra9@adventure-works.com,130000,2,3,Bachelors,Licenciatura,Bac + 4,Management,Gestión,Direction,0,4,1119 Elderwood Dr.,#3,1 (11) 500 555-0116,2011-01-06,0-1 Miles,4
11239,249,AW00011239,,Latoya,C,Goel,FALSE,1969-10-02,M,,F,latoya18@adventure-works.com,130000,2,4,Partial College,Estudios universitarios (en curso),Baccalauréat,Professional,Profesional,Cadre,0,2,8154 Pheasant Circle,,1 (11) 500 555-0149,2011-01-19,5-10 Miles,4
11240,273,AW00011240,,Anne,B,Hernandez,FALSE,1964-06-09,M,,F,anne4@adventure-works.com,160000,2,3,Partial College,Estudios universitarios (en curso),Baccalauréat,Professional,Profesional,Cadre,1,4,76 Woodcrest Dr.,,1 (11) 500 555-0119,2011-02-27,5-10 Miles,4
11241,211,AW00011241,,Lisa,,Cai,FALSE,1974-04-06,S,,F,lisa24@adventure-works.com,100000,2,3,Partial College,Estudios universitarios (en curso),Baccalauréat,Professional,Profesional,Cadre,1,4,"102, rue de Berri",,1 (11) 500 555-0125,2012-09-10,5-10 Miles,7
11242,209,AW00011242,,Larry,,Munoz,FALSE,1963-05-11,M,,M,larry9@adventure-works.com,110000,2,4,Partial College,Estudios universitarios (en curso),Baccalauréat,Professional,Profesional,Cadre,1,3,Midi-Couleurs,,1 (11) 500 555-0193,2012-09-19,5-10 Miles,7
11243,237,AW00011243,,Robin,V,Alvarez,FALSE,1963-04-08,M,,F,robin2@adventure-works.com,150000,2,3,Partial College,Estudios universitarios (en curso),Baccalauréat,Professional,Profesional,Cadre,1,3,4086 Emmons Canyon Lane,,1 (11) 500 555-0198,2011-02-21,0-1 Miles,4
11244,267,AW00011244,,Alexis,M,Coleman,FALSE,1968-11-22,S,,F,alexis28@adventure-works.com,170000,2,3,Bachelors,Licenciatura,Bac + 4,Management,Gestión,Direction,0,3,7140 Camelback Road,,1 (11) 500 555-0115,2011-02-12,0-1 Miles,4
11245,132,AW00011245,,Ricky,D,Vazquez,FALSE,1962-04-26,M,,M,ricky15@adventure-works.com,120000,3,4,High School,Educación secundaria,Bac + 2,Professional,Profesional,Cadre,0,4,Roßstr 9928,,1 (11) 500 555-0147,2011-09-26,5-10 Miles,4
11246,147,AW00011246,,Latasha,,Rubio,FALSE,1962-04-08,M,,F,latasha21@adventure-works.com,120000,3,4,High School,Educación secundaria,Bac + 2,Professional,Profesional,Cadre,0,4,Alderstr 7690,,1 (11) 500 555-0178,2011-10-03,5-10 Miles,4
11247,242,AW00011247,,Claudia,M,Zhou,FALSE,1961-12-04,S,,F,claudia7@adventure-works.com,130000,3,4,Partial College,Estudios universitarios (en curso),Baccalauréat,Professional,Profesional,Cadre,0,3,6516 Beauer Lane,,1 (11) 500 555-0116,2011-02-18,0-1 Miles,4
11249,178,AW00011249,,Cindy,A,Patel,FALSE,1966-07-09,M,,F,cindy3@adventure-works.com,130000,3,4,Partial College,Estudios universitarios (en curso),Baccalauréat,Professional,Profesional,Cadre,1,3,Essener Straße 123,,1 (11) 500 555-0149,2011-10-09,0-1 Miles,4
11250,276,AW00011250,,Shannon,D,Liu,FALSE,1966-03-08,M,,F,shannon4@adventure-works.com,170000,3,4,High School,Educación secundaria,Bac + 2,Professional,Profesional,Cadre,1,2,4185 Keywood Ct.,,1 (11) 500 555-0119,2011-03-17,5-10 Miles,4
11252,335,AW00011252,,Nicholas,D,Thompson,FALSE,1937-12-05,S,,M,nicholas16@adventure-works.com,90000,3,0,Graduate Degree,Estudios de postgrado,Bac + 3,Management,Gestión,Direction,1,1,504 O St.,,377-555-0147,2011-08-14,2-5 Miles,3
11253,69,AW00011253,,José,M,Hernandez,FALSE,1949-08-24,M,,M,josé54@adventure-works.com,60000,2,0,Graduate Degree,Estudios de postgrado,Bac + 3,Management,Gestión,Direction,1,2,5703 Donald Dr.,,712-555-0130,2013-03-01,1-2 Miles,16
11254,612,AW00011254,,Johnathan,W,Vance,FALSE,1938-08-31,M,,M,johnathan5@adventure-works.com,70000,4,0,Graduate Degree,Estudios de postgrado,Bac + 3,Management,Gestión,Direction,1,2,9430 Versailles Pl,,494-555-0166,2013-11-23,5-10 Miles,2
11255,612,AW00011255,,Colin,,Lin,FALSE,1938-10-02,M,,M,colin8@adventure-works.com,70000,4,0,Graduate Degree,Estudios de postgrado,Bac + 3,Management,Gestión,Direction,1,2,6083 San Jose,,599-555-0132,2013-02-23,5-10 Miles,2
11256,626,AW00011256,,Katelyn,L,Hernandez,FALSE,1939-03-20,M,,F,katelyn42@adventure-works.com,70000,4,0,Graduate Degree,Estudios de postgrado,Bac + 3,Management,Gestión,Direction,1,2,7496 Deerfield Dr.,,249-555-0116,2013-04-15,5-10 Miles,2
11257,345,AW00011257,,Jacqueline,,Powell,FALSE,1938-07-06,S,,F,jacqueline9@adventure-works.com,120000,1,2,Graduate Degree,Estudios de postgrado,Bac + 3,Management,Gestión,Direction,1,4,4076 Northwood Dr,,796-555-0111,2011-08-24,2-5 Miles,3
11258,352,AW00011258,,Xavier,,Hill,FALSE,1938-12-26,M,,M,xavier26@adventure-works.com,120000,1,2,Graduate Degree,Estudios de postgrado,Bac + 3,Management,Gestión,Direction,1,4,2707 Virgil Street,,559-555-0149,2013-05-21,2-5 Miles,2
11259,548,AW00011259,,Victoria,C,Stewart,FALSE,1970-09-24,M,,F,victoria24@adventure-works.com,100000,4,1,Partial College,Estudios universitarios (en curso),Baccalauréat,Professional,Profesional,Cadre,1,4,3623 Barquentine Court,,230-555-0139,2011-09-04,2-5 Miles,3
11260,302,AW00011260,,Katelyn,L,Kelly,FALSE,1976-04-08,M,,F,katelyn1@adventure-works.com,110000,2,2,Bachelors,Licenciatura,Bac + 4,Management,Gestión,Direction,1,3,7085 Solano Drive,,507-555-0132,2013-02-05,2-5 Miles,2
11261,359,AW00011261,,Stephanie,,Collins,FALSE,1970-10-22,M,,F,stephanie52@adventure-works.com,130000,1,2,Graduate Degree,Estudios de postgrado,Bac + 3,Management,Gestión,Direction,1,1,2868 Central Avenue,,209-555-0173,2011-09-27,0-1 Miles,3
11262,60,AW00011262,,Jennifer,,Simmons,FALSE,1975-05-01,M,,F,jennifer88@adventure-works.com,80000,4,3,Bachelors,Licenciatura,Bac + 4,Management,Gestión,Direction,1,0,7959 Mt. Wilson Way,,148-555-0115,2013-02-27,0-1 Miles,27
11263,612,AW00011263,,Trinity,,Richardson,FALSE,1970-03-11,M,,F,trinity9@adventure-works.com,90000,5,5,Partial College,Estudios universitarios (en curso),Baccalauréat,Professional,Profesional,Cadre,1,3,3063 Blue Jay Drive,,111-555-0116,2011-08-29,2-5 Miles,3
11264,618,AW00011264,,Eduardo,,Martin,FALSE,1969-12-15,S,,M,eduardo13@adventure-works.com,90000,5,5,Partial College,Estudios universitarios (en curso),Baccalauréat,Professional,Profesional,Cadre,0,3,5137 Pheasant Court,,342-555-0195,2013-01-02,0-1 Miles,2
11266,632,AW00011266,,Taylor,,Howard,FALSE,1969-11-02,S,,F,taylor14@adventure-works.com,90000,0,0,Partial College,Estudios universitarios (en curso),Baccalauréat,Professional,Profesional,Cadre,0,1,7396 Stratton Circle,,162-555-0131,2011-09-10,5-10 Miles,2
11267,302,AW00011267,,David,,Diaz,FALSE,1975-09-29,S,,M,david55@adventure-works.com,120000,4,2,Partial College,Estudios universitarios (en curso),Baccalauréat,Professional,Profesional,Cadre,1,4,2075 Browse Ct,,613-555-0119,2011-09-17,2-5 Miles,2
11268,312,AW00011268,,Katelyn,A,Carter,FALSE,1969-10-31,M,,F,katelyn33@adventure-works.com,130000,2,2,Graduate Degree,Estudios de postgrado,Bac + 3,Management,Gestión,Direction,1,2,3050 Monte Cresta Avenue,,103-555-0195,2013-05-29,1-2 Miles,2
11269,314,AW00011269,,Ryan,W,Foster,FALSE,1975-10-10,M,,M,ryan19@adventure-works.com,130000,2,2,Graduate Degree,Estudios de postgrado,Bac + 3,Management,Gestión,Direction,1,2,5376 Sahara Drive,,961-555-0133,2013-08-22,0-1 Miles,2
11270,334,AW00011270,,Robert,L,Lee,FALSE,1975-05-01,M,,M,robert82@adventure-works.com,130000,2,2,Graduate Degree,Estudios de postgrado,Bac + 3,Management,Gestión,Direction,1,3,5461 Camino Verde Ct.,,447-555-0174,2011-09-10,0-1 Miles,2
11271,360,AW00011271,,Danielle,C,Reed,FALSE,1969-12-03,S,,F,danielle23@adventure-works.com,150000,2,0,Bachelors,Licenciatura,Bac + 4,Management,Gestión,Direction,0,4,6683 Carrick Ct,,136-555-0114,2011-09-27,1-2 Miles,2
11272,300,AW00011272,,Lauren,L,Martinez,FALSE,1962-05-10,S,,F,lauren35@adventure-works.com,70000,4,3,Partial College,Estudios universitarios (en curso),Baccalauréat,Professional,Profesional,Cadre,1,0,4357 Tosca Way,,977-555-0117,2011-09-19,5-10 Miles,2
11273,331,AW00011273,,Nathan,E,Lal,FALSE,1962-03-31,M,,M,nathan26@adventure-works.com,90000,2,1,Partial College,Estudios universitarios (en curso),Baccalauréat,Professional,Profesional,Cadre,1,0,7064 Cypress Ave,,147-555-0121,2013-05-14,10+ Miles,2
11274,609,AW00011274,,Kyle,M,Foster,FALSE,1939-10-10,M,,M,kyle11@adventure-works.com,50000,2,0,Graduate Degree,Estudios de postgrado,Bac + 3,Management,Gestión,Direction,1,2,5617 Landing Dr,,846-555-0126,2011-08-29,5-10 Miles,2
11275,310,AW00011275,,Jenny,D,Rai,FALSE,1939-07-18,M,,F,jenny40@adventure-works.com,80000,4,0,Graduate Degree,Estudios de postgrado,Bac + 3,Management,Gestión,Direction,1,2,1440 Willow Pass Dr.,,780-555-0119,2011-08-30,0-1 Miles,2
11276,49,AW00011276,,Nancy,E,Chapman,FALSE,1974-09-15,M,,F,nancy7@adventure-works.com,80000,4,3,Partial College,Estudios universitarios (en curso),Baccalauréat,Professional,Profesional,Cadre,1,2,1480 Shoenic,,909-555-0129,2013-01-29,2-5 Miles,27
11277,62,AW00011277,,Charles,P,Jackson,FALSE,1968-12-07,M,,M,charles15@adventure-works.com,80000,4,3,Partial College,Estudios universitarios (en curso),Baccalauréat,Professional,Profesional,Cadre,1,2,3400 Folson Drive,,194-555-0175,2013-02-02,0-1 Miles,27
11278,614,AW00011278,,Jonathan,,Phillips,FALSE,1969-02-16,S,,M,jonathan35@adventure-works.com,90000,0,0,Partial College,Estudios universitarios (en curso),Baccalauréat,Professional,Profesional,Cadre,0,1,8772 Rock Creek Way,,967-555-0176,2011-09-16,10+ Miles,2
11279,616,AW00011279,,Amanda,S,Cook,FALSE,1974-09-08,M,,F,amanda3@adventure-works.com,90000,0,0,Partial College,Estudios universitarios (en curso),Baccalauréat,Professional,Profesional,Cadre,1,1,9187 Vista Del Sol,,252-555-0177,2013-03-03,10+ Miles,2
11280,626,AW00011280,,Robert,,Collins,FALSE,1969-02-17,M,,M,robert45@adventure-works.com,90000,0,0,Partial College,Estudios universitarios (en curso),Baccalauréat,Professional,Profesional,Cadre,1,1,5271 Sierra Road,,966-555-0171,2013-07-01,10+ Miles,2
11281,301,AW00011281,,Megan,J,Barnes,FALSE,1974-10-06,S,,F,megan53@adventure-works.com,110000,4,2,Bachelors,Licenciatura,Bac + 4,Management,Gestión,Direction,1,4,40 Ellis St.,,807-555-0156,2011-09-13,5-10 Miles,2
11282,612,AW00011282,,Christian,A,Thomas,FALSE,1967-07-16,M,,M,christian46@adventure-works.com,90000,5,4,Partial College,Estudios universitarios (en curso),Baccalauréat,Professional,Profesional,Cadre,1,4,5205 Coralie Drive,,692-555-0172,2011-08-31,1-2 Miles,2
11283,299,AW00011283,,Arturo,,Lal,FALSE,1968-04-24,M,,M,arturo33@adventure-works.com,110000,1,3,Bachelors,Licenciatura,Bac + 4,Management,Gestión,Direction,1,2,4593 Mendouno Dr.,,638-555-0164,2013-05-29,1-2 Miles,2
11284,307,AW00011284,,Theresa,,Serrano,FALSE,1967-09-24,M,,F,theresa12@adventure-works.com,110000,1,3,Bachelors,Licenciatura,Bac + 4,Management,Gestión,Direction,1,2,9007 S Royal Links Circle,,777-555-0162,2013-02-06,1-2 Miles,2
11285,322,AW00011285,,Jeremy,J,Anderson,FALSE,1973-03-15,M,,M,jeremy2@adventure-works.com,120000,1,3,Partial College,Estudios universitarios (en curso),Baccalauréat,Professional,Profesional,Cadre,0,4,7655 Greer Ave,,940-555-0176,2013-07-27,2-5 Miles,2
11286,374,AW00011286,,Hunter,D,Griffin,FALSE,1967-08-31,M,,M,hunter16@adventure-works.com,170000,0,0,Graduate Degree,Estudios de postgrado,Bac + 3,Management,Gestión,Direction,1,4,4079 Redbird Lane,,410-555-0148,2011-09-21,2-5 Miles,2
11287,49,AW00011287,,Henry,B,Garcia,FALSE,1966-07-16,M,,M,henry16@adventure-works.com,70000,5,4,Partial College,Estudios universitarios (en curso),Baccalauréat,Professional,Profesional,Cadre,0,3,3268 Hazelwood Lane,,282-555-0185,2013-01-29,5-10 Miles,27
11288,301,AW00011288,,Cindy,K,Sanchez,FALSE,1978-03-12,M,,F,cindy19@adventure-works.com,110000,1,3,Bachelors,Licenciatura,Bac + 4,Management,Gestión,Direction,1,3,7062 Starflower Drive,,198-555-0118,2013-03-05,2-5 Miles,2
11289,315,AW00011289,,Maria,S,Carter,FALSE,1972-03-03,M,,F,maria53@adventure-works.com,130000,1,3,Bachelors,Licenciatura,Bac + 4,Management,Gestión,Direction,1,1,8603 Elmhurst Lane,,239-555-0158,2011-09-08,0-1 Miles,2
11290,334,AW00011290,,Katelyn,,Sanchez,FALSE,1972-08-14,M,,F,katelyn26@adventure-works.com,130000,1,3,Bachelors,Licenciatura,Bac + 4,Management,Gestión,Direction,1,3,8869 Climbing Vine Court,,395-555-0150,2011-09-20,2-5 Miles,2
11291,335,AW00011291,,Jenna,,Wright,FALSE,1972-05-01,M,,F,jenna19@adventure-works.com,130000,1,3,Bachelors,Licenciatura,Bac + 4,Management,Gestión,Direction,1,3,232 Pinnacle Drive,,118-555-0191,2011-09-04,2-5 Miles,2
11292,361,AW00011292,,Seth,,Phillips,FALSE,1967-05-05,S,,M,seth42@adventure-works.com,150000,1,2,Partial College,Estudios universitarios (en curso),Baccalauréat,Professional,Profesional,Cadre,0,3,4361 Loftus Road,,980-555-0196,2011-09-15,0-1 Miles,2
11293,632,AW00011293,,Luke,S,Long,FALSE,1960-11-23,S,,M,luke28@adventure-works.com,60000,2,0,High School,Educación secundaria,Bac + 2,Professional,Profesional,Cadre,0,2,3177 Dover Way,,786-555-0117,2013-02-24,1-2 Miles,2
11294,618,AW00011294,,Dalton,P,Clark,FALSE,1961-03-02,M,,M,dalton18@adventure-works.com,60000,2,0,High School,Educación secundaria,Bac + 2,Professional,Profesional,Cadre,0,2,4381 Amazonas,,388-555-0195,2013-09-25,1-2 Miles,2
11295,311,AW00011295,,Taylor,G,Lewis,FALSE,1959-11-13,S,,F,taylor67@adventure-works.com,80000,2,0,Partial High School,Educación secundaria (en curso),Niveau bac,Skilled Manual,Obrero especializado,Technicien,1,2,8827 Ward Court,,291-555-0174,2011-09-25,5-10 Miles,2
11296,616,AW00011296,,Haley,,Richardson,FALSE,1941-04-05,S,,F,haley10@adventure-works.com,50000,2,0,Graduate Degree,Estudios de postgrado,Bac + 3,Management,Gestión,Direction,1,2,6203 Laurel Drive,,620-555-0129,2011-09-01,5-10 Miles,2
11297,301,AW00011297,,Noah,,Coleman,FALSE,1940-08-01,S,,M,noah2@adventure-works.com,70000,4,0,Graduate Degree,Estudios de postgrado,Bac + 3,Management,Gestión,Direction,1,2,5562 Galindo Street,,847-555-0167,2011-09-26,5-10 Miles,2
11298,307,AW00011298,,Jon,,Luo,FALSE,1940-08-30,M,,M,jon46@adventure-works.com,70000,4,0,Graduate Degree,Estudios de postgrado,Bac + 3,Management,Gestión,Direction,1,2,3560 River Rock Lane,,127-555-0189,2011-09-12,1-2 Miles,2
11299,301,AW00011299,,Orlando,E,Vazquez,FALSE,1941-09-29,M,,M,orlando14@adventure-works.com,70000,4,0,Graduate Degree,Estudios de postgrado,Bac + 3,Management,Gestión,Direction,1,2,8547 Catherine Way,,757-555-0143,2011-09-26,1-2 Miles,2
11300,54,AW00011300,,Fernando,,Barnes,FALSE,1965-08-31,M,,M,fernando47@adventure-works.com,80000,5,4,Partial College,Estudios universitarios (en curso),Baccalauréat,Professional,Profesional,Cadre,0,3,7633 Greenhills Circle,,469-555-0125,2013-01-31,1-2 Miles,27
11301,607,AW00011301,,Cameron,L,Rodriguez,FALSE,1965-12-07,M,,M,cameron38@adventure-works.com,80000,5,4,Partial College,Estudios universitarios (en curso),Baccalauréat,Professional,Profesional,Cadre,1,4,1217 Mariposa,,727-555-0119,2013-06-09,5-10 Miles,2
11302,539,AW00011302,,Spencer,,Russell,FALSE,1971-12-09,S,,M,spencer22@adventure-works.com,90000,4,3,High School,Educación secundaria,Bac + 2,Professional,Profesional,Cadre,0,3,2396 Mink Court,,834-555-0131,2011-09-06,1-2 Miles,2
11303,614,AW00011303,,Julia,,Coleman,FALSE,1966-04-10,S,,F,julia72@adventure-works.com,90000,4,3,High School,Educación secundaria,Bac + 2,Professional,Profesional,Cadre,0,3,3128 Ramsey Circle,,907-555-0170,2011-09-02,1-2 Miles,2
11304,547,AW00011304,,Julia,B,Garcia,FALSE,1971-03-14,M,,F,julia38@adventure-works.com,100000,0,3,Partial College,Estudios universitarios (en curso),Baccalauréat,Professional,Profesional,Cadre,1,0,6179 Mt. Hamilton Dr.,,923-555-0183,2013-03-20,5-10 Miles,2
11305,307,AW00011305,,Sean,A,Evans,FALSE,1965-12-17,M,,M,sean31@adventure-works.com,110000,3,3,Partial College,Estudios universitarios (en curso),Baccalauréat,Professional,Profesional,Cadre,0,4,7118 Elliott Dr.,,791-555-0174,2013-03-25,2-5 Miles,2
11306,312,AW00011306,,Micah,A,Zhou,FALSE,1965-12-20,M,,M,micah19@adventure-works.com,110000,3,3,Partial College,Estudios universitarios (en curso),Baccalauréat,Professional,Profesional,Cadre,0,4,6105 Brownstone Rd,,497-555-0185,2013-06-30,2-5 Miles,2
11307,314,AW00011307,,Hunter,P,Rodriguez,FALSE,1965-10-31,M,,M,hunter53@adventure-works.com,80000,2,0,Partial High School,Educación secundaria (en curso),Niveau bac,Skilled Manual,Obrero especializado,Technicien,1,2,4343 Cook Street,,996-555-0142,2011-09-04,5-10 Miles,2
11308,546,AW00011308,,Ian,T,Gonzales,FALSE,1959-09-02,M,,M,ian57@adventure-works.com,60000,2,0,High School,Educación secundaria,Bac + 2,Professional,Profesional,Cadre,0,2,7122 Athene Dr.,,904-555-0153,2013-09-07,1-2 Miles,2
11309,536,AW00011309,,Victoria,,Lewis,FALSE,1959-12-10,S,,F,victoria20@adventure-works.com,60000,2,0,High School,Educación secundaria,Bac + 2,Professional,Profesional,Cadre,1,2,4426 Tanager Road,,586-555-0191,2013-07-09,5-10 Miles,2
11310,360,AW00011310,,Erin,A,Sanders,FALSE,1964-07-05,S,,F,erin7@adventure-works.com,70000,3,0,Graduate Degree,Estudios de postgrado,Bac + 3,Management,Gestión,Direction,1,2,7541 Black Point Pl,,233-555-0160,2013-08-12,5-10 Miles,2
11311,626,AW00011311,,Gabrielle,D,Lopez,FALSE,1959-02-21,S,,F,gabrielle63@adventure-works.com,70000,3,0,Graduate Degree,Estudios de postgrado,Bac + 3,Management,Gestión,Direction,0,2,8619 Parkside Dr.,,783-555-0174,2013-04-18,1-2 Miles,2
11312,626,AW00011312,,Sara,,Richardson,FALSE,1958-10-01,S,,F,sara10@adventure-works.com,70000,3,0,Graduate Degree,Estudios de postgrado,Bac + 3,Management,Gestión,Direction,1,2,7375 Kipling Court,,296-555-0174,2013-05-17,5-10 Miles,2
11313,632,AW00011313,,Trevor,,Jenkins,FALSE,1958-08-27,S,,M,trevor6@adventure-works.com,70000,3,0,Graduate Degree,Estudios de postgrado,Bac + 3,Management,Gestión,Direction,1,2,4697 Yosemite Dr.,,120-555-0129,2013-05-07,5-10 Miles,2
11314,618,AW00011314,,Mya,,Flores,FALSE,1970-06-16,S,,F,mya13@adventure-works.com,70000,3,0,Graduate Degree,Estudios de postgrado,Bac + 3,Management,Gestión,Direction,0,2,8439 Rio Grande Drive,Unit A,522-555-0140,2013-02-25,1-2 Miles,2
11315,632,AW00011315,,Hailey,J,Ward,FALSE,1959-03-31,S,,F,hailey12@adventure-works.com,70000,3,0,Graduate Degree,Estudios de postgrado,Bac + 3,Management,Gestión,Direction,0,2,6321 Maya,,767-555-0151,2013-05-20,1-2 Miles,2
11317,548,AW00011317,,Victoria,D,Russell,FALSE,1963-09-14,S,,F,victoria66@adventure-works.com,40000,3,0,Partial College,Estudios universitarios (en curso),Baccalauréat,Professional,Profesional,Cadre,0,2,9268 Keller Ridge,,663-555-0197,2011-09-01,5-10 Miles,2
11318,614,AW00011318,,Jessica,,Wilson,FALSE,1958-04-25,S,,F,jessica54@adventure-works.com,40000,3,0,Partial College,Estudios universitarios (en curso),Baccalauréat,Professional,Profesional,Cadre,0,2,1652 Willcrest Circle,,702-555-0180,2013-10-17,1-2 Miles,2
11319,348,AW00011319,,Jade,E,Bailey,FALSE,1948-04-23,M,,F,jade13@adventure-works.com,70000,4,0,Graduate Degree,Estudios de postgrado,Bac + 3,Management,Gestión,Direction,0,2,8119 Northridge Ct,# 1,819-555-0160,2011-09-09,1-2 Miles,2
11320,325,AW00011320,,Morgan,M,Hill,FALSE,1942-12-24,M,,F,morgan19@adventure-works.com,80000,4,0,Graduate Degree,Estudios de postgrado,Bac + 3,Management,Gestión,Direction,1,2,6951 Harmony Way,,510-555-0120,2013-06-15,5-10 Miles,2
11321,612,AW00011321,,Terrance,D,Raman,FALSE,1944-01-05,M,,M,terrance9@adventure-works.com,90000,5,0,Bachelors,Licenciatura,Bac + 4,Management,Gestión,Direction,1,2,2297 Via Valencia,,879-555-0124,2013-02-23,5-10 Miles,2
11322,611,AW00011322,,Sydney,,Garcia,FALSE,1943-09-12,M,,F,sydney78@adventure-works.com,90000,5,0,Bachelors,Licenciatura,Bac + 4,Management,Gestión,Direction,1,2,252 Hemlock Drive,,783-555-0116,2013-03-24,5-10 Miles,2
11323,314,AW00011323,,Jose,,Patterson,FALSE,1943-12-18,S,,M,jose33@adventure-works.com,120000,2,4,Graduate Degree,Estudios de postgrado,Bac + 3,Management,Gestión,Direction,1,3,648 Newport Drive,,768-555-0153,2011-09-10,5-10 Miles,2
11324,325,AW00011324,,Zachary,,Anderson,FALSE,1944-11-10,M,,M,zachary39@adventure-works.com,90000,5,0,Bachelors,Licenciatura,Bac + 4,Management,Gestión,Direction,1,2,2476 Mt. Whitney Way,,693-555-0118,2011-09-26,1-2 Miles,2
11325,637,AW00011325,,Elijah,E,Ross,FALSE,1944-12-29,S,,M,elijah7@adventure-works.com,90000,5,0,Bachelors,Licenciatura,Bac + 4,Management,Gestión,Direction,1,2,6679 Cornelius Dr,,409-555-0142,2011-09-19,5-10 Miles,2
11326,300,AW00011326,,Rafael,M,Xie,FALSE,1944-12-23,M,,M,rafael26@adventure-works.com,130000,2,3,Bachelors,Licenciatura,Bac + 4,Management,Gestión,Direction,1,4,369 Peabody Road,,663-555-0137,2011-09-15,0-1 Miles,2
11327,301,AW00011327,,Jaime,C,Moreno,FALSE,1945-09-01,M,,M,jaime48@adventure-works.com,90000,5,0,Bachelors,Licenciatura,Bac + 4,Management,Gestión,Direction,1,2,83 Mountain View Blvd,,457-555-0178,2011-09-26,5-10 Miles,2
11328,55,AW00011328,,Julian,M,Griffin,FALSE,1945-06-30,M,,M,julian20@adventure-works.com,90000,5,0,Bachelors,Licenciatura,Bac + 4,Management,Gestión,Direction,1,2,7398 Withersed Lane,,636-555-0197,2013-01-05,5-10 Miles,2
11329,311,AW00011329,,Andy,,Alvarez,FALSE,1946-01-22,S,,M,andy9@adventure-works.com,90000,5,0,Bachelors,Licenciatura,Bac + 4,Management,Gestión,Direction,1,2,9466 Morning Glory Dr.,,367-555-0172,2011-09-25,5-10 Miles,2
11330,59,AW00011330,,Ryan,M,Thompson,FALSE,1945-11-10,M,,M,ryan38@adventure-works.com,110000,2,4,Graduate Degree,Estudios de postgrado,Bac + 3,Management,Gestión,Direction,1,1,3407 Pinon Dr.,,138-555-0142,2013-02-12,2-5 Miles,27
11331,63,AW00011331,,Samantha,,Jenkins,FALSE,1974-01-03,M,,F,samantha32@adventure-works.com,90000,4,4,Partial College,Estudios universitarios (en curso),Baccalauréat,Skilled Manual,Obrero especializado,Technicien,1,2,1046 Cloverleaf Circle,,936-555-0152,2013-02-07,1-2 Miles,27
